{
  "files_processed": 5,
  "markets_processed": 14,
  "total_ticks": 0,
  "trades_taken": 100,
  "wins": 46,
  "losses": 54,
  "win_rate": 46.0,
  "avg_win": 0.23520033271451277,
  "avg_loss": -0.17153929782528804,
  "profit_factor": 1.3711163313380423,
  "starting_capital": 5.0,
  "ending_capital": 6.556093222302033,
  "total_pnl": 1.5560932223020334,
  "total_pnl_pct": 31.12186444604067,
  "max_drawdown": 0.251447999007272,
  "bankroll_history": [
    [
      "btc-updown-5m-1774274100",
      5.232323232323232
    ],
    [
      "btc-updown-5m-1774274400",
      6.96821694341957
    ],
    [
      "btc-updown-5m-1774274700",
      7.279405754608381
    ],
    [
      "btc-updown-5m-1774277400",
      8.1985976738003
    ],
    [
      "btc-updown-5m-1774276800",
      7.623783284502036
    ],
    [
      "btc-updown-5m-1774277100",
      6.956739397979141
    ],
    [
      "btc-updown-5m-1774276500",
      7.1070481071292235
    ],
    [
      "btc-updown-5m-1774275600",
      6.707780707861824
    ],
    [
      "btc-updown-5m-1774275900",
      6.714190964272079
    ],
    [
      "btc-updown-5m-1774276200",
      7.893494507104362
    ],
    [
      "btc-updown-5m-1774282200",
      8.758367105568293
    ],
    [
      "btc-updown-5m-1774282500",
      7.958847339925292
    ],
    [
      "btc-updown-5m-1774282800",
      7.026571637150672
    ],
    [
      "btc-updown-5m-1774283100",
      6.556093222302033
    ]
  ]
}