{
  "files_processed": 5,
  "markets_processed": 14,
  "total_ticks": 0,
  "trades_taken": 134,
  "wins": 55,
  "losses": 79,
  "win_rate": 41.04477611940299,
  "avg_win": 0.19991893114366152,
  "avg_loss": -0.17372215280095335,
  "profit_factor": 1.1507969934768412,
  "starting_capital": 5.0,
  "ending_capital": 2.2714911416260755,
  "total_pnl": -2.7285088583739245,
  "total_pnl_pct": -54.5701771674785,
  "max_drawdown": 0.6375815008878155,
  "bankroll_history": [
    [
      "btc-updown-5m-1774274700",
      5.025252525252526
    ],
    [
      "btc-updown-5m-1774274100",
      5.36075595377921
    ],
    [
      "btc-updown-5m-1774274400",
      6.267591602499708
    ],
    [
      "btc-updown-5m-1774276500",
      5.685436797957913
    ],
    [
      "btc-updown-5m-1774276800",
      3.886216342972184
    ],
    [
      "btc-updown-5m-1774277100",
      3.5170984480165046
    ],
    [
      "btc-updown-5m-1774275900",
      3.828665365879768
    ],
    [
      "btc-updown-5m-1774276200",
      3.9853977797020197
    ],
    [
      "btc-updown-5m-1774277400",
      4.9627302147088725
    ],
    [
      "btc-updown-5m-1774275600",
      4.986539738518395
    ],
    [
      "btc-updown-5m-1774282800",
      3.204185790202624
    ],
    [
      "btc-updown-5m-1774283100",
      2.432335653252057
    ],
    [
      "btc-updown-5m-1774282500",
      2.3029215200405324
    ],
    [
      "btc-updown-5m-1774282200",
      2.2714911416260755
    ]
  ]
}