{
  "files_processed": 5,
  "markets_processed": 14,
  "total_ticks": 0,
  "trades_taken": 96,
  "wins": 21,
  "losses": 27,
  "win_rate": 21.875,
  "avg_win": 0.27806736842328583,
  "avg_loss": -0.166731171839235,
  "profit_factor": 1.6677587361492492,
  "starting_capital": 5.0,
  "ending_capital": 6.33767309722966,
  "total_pnl": 1.3376730972296604,
  "total_pnl_pct": 26.75346194459321,
  "max_drawdown": 0.18690029900914473,
  "bankroll_history": [
    [
      "btc-updown-5m-1774274400",
      5.57973174366617
    ],
    [
      "btc-updown-5m-1774274100",
      5.633785797720225
    ],
    [
      "btc-updown-5m-1774274700",
      5.411563575498002
    ],
    [
      "btc-updown-5m-1774277100",
      6.0769971085785945
    ],
    [
      "btc-updown-5m-1774276200",
      5.940794198201878
    ],
    [
      "btc-updown-5m-1774276500",
      6.430463286176051
    ],
    [
      "btc-updown-5m-1774277400",
      7.724739380452146
    ],
    [
      "btc-updown-5m-1774275600",
      7.724739380452146
    ],
    [
      "btc-updown-5m-1774275900",
      7.295874935164187
    ],
    [
      "btc-updown-5m-1774276800",
      7.092107279924511
    ],
    [
      "btc-updown-5m-1774283100",
      6.38710727992451
    ],
    [
      "btc-updown-5m-1774282800",
      6.933811471645498
    ],
    [
      "btc-updown-5m-1774282500",
      6.280983280477924
    ],
    [
      "btc-updown-5m-1774282200",
      6.33767309722966
    ]
  ]
}