{
  "files_processed": 5,
  "markets_processed": 14,
  "total_ticks": 0,
  "trades_taken": 80,
  "wins": 18,
  "losses": 22,
  "win_rate": 22.5,
  "avg_win": 0.22333767488192344,
  "avg_loss": -0.18540570599565484,
  "profit_factor": 1.2045890048667518,
  "starting_capital": 5.0,
  "ending_capital": 4.941152615970216,
  "total_pnl": -0.05884738402978407,
  "total_pnl_pct": -1.1769476805956813,
  "max_drawdown": 0.21884923458550207,
  "bankroll_history": [
    [
      "btc-updown-5m-1774274100",
      5.284823284823285
    ],
    [
      "btc-updown-5m-1774274400",
      5.748873631046391
    ],
    [
      "btc-updown-5m-1774274700",
      5.695540297713057
    ],
    [
      "btc-updown-5m-1774276500",
      5.7701434723162315
    ],
    [
      "btc-updown-5m-1774276200",
      5.91636843379543
    ],
    [
      "btc-updown-5m-1774275600",
      5.91636843379543
    ],
    [
      "btc-updown-5m-1774276800",
      5.703602476348622
    ],
    [
      "btc-updown-5m-1774277100",
      5.601106502113518
    ],
    [
      "btc-updown-5m-1774277400",
      5.660215813854409
    ],
    [
      "btc-updown-5m-1774275900",
      4.621575730533475
    ],
    [
      "btc-updown-5m-1774282200",
      4.852095659902508
    ],
    [
      "btc-updown-5m-1774282800",
      5.747454248682149
    ],
    [
      "btc-updown-5m-1774282500",
      5.392148286965887
    ],
    [
      "btc-updown-5m-1774283100",
      4.941152615970216
    ]
  ]
}