{
  "files_processed": 5,
  "markets_processed": 14,
  "total_ticks": 0,
  "trades_taken": 114,
  "wins": 26,
  "losses": 31,
  "win_rate": 22.807017543859647,
  "avg_win": 0.2564011620732492,
  "avg_loss": -0.1712402512753344,
  "profit_factor": 1.4973183008297855,
  "starting_capital": 5.0,
  "ending_capital": 6.357982424369117,
  "total_pnl": 1.3579824243691174,
  "total_pnl_pct": 27.15964848738235,
  "max_drawdown": 0.15691945282144162,
  "bankroll_history": [
    [
      "btc-updown-5m-1774274700",
      4.777777777777778
    ],
    [
      "btc-updown-5m-1774274100",
      5.062601062601063
    ],
    [
      "btc-updown-5m-1774274400",
      5.497754493014221
    ],
    [
      "btc-updown-5m-1774276800",
      5.460653504441211
    ],
    [
      "btc-updown-5m-1774275900",
      5.031789059153253
    ],
    [
      "btc-updown-5m-1774275600",
      5.031789059153253
    ],
    [
      "btc-updown-5m-1774277100",
      5.643627820992015
    ],
    [
      "btc-updown-5m-1774276200",
      5.757424910615299
    ],
    [
      "btc-updown-5m-1774276500",
      6.247093998589472
    ],
    [
      "btc-updown-5m-1774277400",
      7.5413700928655665
    ],
    [
      "btc-updown-5m-1774282500",
      6.888541901697993
    ],
    [
      "btc-updown-5m-1774282200",
      6.9243978907677874
    ],
    [
      "btc-updown-5m-1774282800",
      7.451871313258007
    ],
    [
      "btc-updown-5m-1774283100",
      6.357982424369117
    ]
  ]
}