{
  "files_processed": 5,
  "markets_processed": 14,
  "total_ticks": 0,
  "trades_taken": 78,
  "wins": 14,
  "losses": 25,
  "win_rate": 17.94871794871795,
  "avg_win": 0.17365393745646784,
  "avg_loss": -0.14243654210117243,
  "profit_factor": 1.219167040246749,
  "starting_capital": 5.0,
  "ending_capital": 3.8702415718612384,
  "total_pnl": -1.1297584281387616,
  "total_pnl_pct": -22.595168562775232,
  "max_drawdown": 0.2882780382363637,
  "bankroll_history": [
    [
      "btc-updown-5m-1774274100",
      5.054054054054054
    ],
    [
      "btc-updown-5m-1774274400",
      4.770125482625483
    ],
    [
      "btc-updown-5m-1774274700",
      4.5479032604032605
    ],
    [
      "btc-updown-5m-1774275600",
      4.5479032604032605
    ],
    [
      "btc-updown-5m-1774277400",
      4.790327502827503
    ],
    [
      "btc-updown-5m-1774275900",
      5.1510565336836525
    ],
    [
      "btc-updown-5m-1774276200",
      5.014853623306935
    ],
    [
      "btc-updown-5m-1774276500",
      5.437856044614442
    ],
    [
      "btc-updown-5m-1774276800",
      5.325090087167634
    ],
    [
      "btc-updown-5m-1774277100",
      5.144076366542908
    ],
    [
      "btc-updown-5m-1774282800",
      5.000422017905356
    ],
    [
      "btc-updown-5m-1774283100",
      4.335422017905355
    ],
    [
      "btc-updown-5m-1774282200",
      4.377954820500077
    ],
    [
      "btc-updown-5m-1774282500",
      3.8702415718612384
    ]
  ]
}