{
  "files_processed": 5,
  "markets_processed": 14,
  "total_ticks": 0,
  "trades_taken": 114,
  "wins": 29,
  "losses": 28,
  "win_rate": 25.438596491228072,
  "avg_win": 0.1838067300962507,
  "avg_loss": -0.15642357484774397,
  "profit_factor": 1.175057725634773,
  "starting_capital": 5.0,
  "ending_capital": 5.9505350770544405,
  "total_pnl": 0.9505350770544405,
  "total_pnl_pct": 19.01070154108881,
  "max_drawdown": 0.2143920162508676,
  "bankroll_history": [
    [
      "btc-updown-5m-1774274700",
      4.777777777777778
    ],
    [
      "btc-updown-5m-1774274400",
      5.256868019890764
    ],
    [
      "btc-updown-5m-1774274100",
      5.310922073944818
    ],
    [
      "btc-updown-5m-1774277100",
      6.256094169116913
    ],
    [
      "btc-updown-5m-1774277400",
      7.550370263393008
    ],
    [
      "btc-updown-5m-1774276200",
      7.33477920240721
    ],
    [
      "btc-updown-5m-1774275600",
      7.33477920240721
    ],
    [
      "btc-updown-5m-1774276500",
      7.457307672378696
    ],
    [
      "btc-updown-5m-1774275900",
      7.028443227090737
    ],
    [
      "btc-updown-5m-1774276800",
      7.1746755718510595
    ],
    [
      "btc-updown-5m-1774282800",
      7.3340499936260155
    ],
    [
      "btc-updown-5m-1774283100",
      6.6401611047371265
    ],
    [
      "btc-updown-5m-1774282500",
      5.931631159183587
    ],
    [
      "btc-updown-5m-1774282200",
      5.9505350770544405
    ]
  ]
}