{
  "files_processed": 5,
  "markets_processed": 14,
  "total_ticks": 0,
  "trades_taken": 112,
  "wins": 26,
  "losses": 30,
  "win_rate": 23.214285714285715,
  "avg_win": 0.2564011620732492,
  "avg_loss": -0.18519904810992918,
  "profit_factor": 1.3844626346084477,
  "starting_capital": 5.0,
  "ending_capital": 6.110458770606606,
  "total_pnl": 1.1104587706066056,
  "total_pnl_pct": 22.20917541213211,
  "max_drawdown": 0.25998199855269855,
  "bankroll_history": [
    [
      "btc-updown-5m-1774274400",
      5.464050346223106
    ],
    [
      "btc-updown-5m-1774274700",
      5.241828124000883
    ],
    [
      "btc-updown-5m-1774274100",
      5.5266514088241685
    ],
    [
      "btc-updown-5m-1774275600",
      5.5266514088241685
    ],
    [
      "btc-updown-5m-1774276200",
      5.640448498447451
    ],
    [
      "btc-updown-5m-1774277400",
      6.934724592723546
    ],
    [
      "btc-updown-5m-1774276500",
      7.424393680697719
    ],
    [
      "btc-updown-5m-1774277100",
      8.03623244253648
    ],
    [
      "btc-updown-5m-1774275900",
      7.607367997248522
    ],
    [
      "btc-updown-5m-1774276800",
      7.570267008675512
    ],
    [
      "btc-updown-5m-1774282800",
      8.111253944679245
    ],
    [
      "btc-updown-5m-1774282200",
      8.257175850663069
    ],
    [
      "btc-updown-5m-1774283100",
      7.16328696177418
    ],
    [
      "btc-updown-5m-1774282500",
      6.110458770606606
    ]
  ]
}