{
  "files_processed": 5,
  "markets_processed": 14,
  "total_ticks": 0,
  "trades_taken": 96,
  "wins": 21,
  "losses": 27,
  "win_rate": 21.875,
  "avg_win": 0.2780673684232858,
  "avg_loss": -0.16673117183923497,
  "profit_factor": 1.667758736149249,
  "starting_capital": 5.0,
  "ending_capital": 6.337673097229658,
  "total_pnl": 1.3376730972296578,
  "total_pnl_pct": 26.753461944593155,
  "max_drawdown": 0.2284420039817821,
  "bankroll_history": [
    [
      "btc-updown-5m-1774274400",
      5.57973174366617
    ],
    [
      "btc-updown-5m-1774274700",
      5.357509521443948
    ],
    [
      "btc-updown-5m-1774274100",
      5.411563575498002
    ],
    [
      "btc-updown-5m-1774275900",
      4.982699130210044
    ],
    [
      "btc-updown-5m-1774277100",
      5.648132663290636
    ],
    [
      "btc-updown-5m-1774277400",
      6.94240875756673
    ],
    [
      "btc-updown-5m-1774275600",
      6.94240875756673
    ],
    [
      "btc-updown-5m-1774276500",
      7.432077845540903
    ],
    [
      "btc-updown-5m-1774276800",
      7.228310190301226
    ],
    [
      "btc-updown-5m-1774276200",
      7.092107279924509
    ],
    [
      "btc-updown-5m-1774283100",
      6.387107279924508
    ],
    [
      "btc-updown-5m-1774282500",
      5.734279088756933
    ],
    [
      "btc-updown-5m-1774282800",
      6.280983280477922
    ],
    [
      "btc-updown-5m-1774282200",
      6.337673097229658
    ]
  ]
}