{
  "files_processed": 5,
  "markets_processed": 14,
  "total_ticks": 0,
  "trades_taken": 96,
  "wins": 21,
  "losses": 27,
  "win_rate": 21.875,
  "avg_win": 0.27806736842328583,
  "avg_loss": -0.16673117183923503,
  "profit_factor": 1.6677587361492487,
  "starting_capital": 5.0,
  "ending_capital": 6.337673097229658,
  "total_pnl": 1.3376730972296578,
  "total_pnl_pct": 26.753461944593155,
  "max_drawdown": 0.13133474003457057,
  "bankroll_history": [
    [
      "btc-updown-5m-1774274700",
      4.777777777777778
    ],
    [
      "btc-updown-5m-1774274100",
      4.831831831831832
    ],
    [
      "btc-updown-5m-1774274400",
      5.411563575498002
    ],
    [
      "btc-updown-5m-1774275600",
      5.411563575498002
    ],
    [
      "btc-updown-5m-1774276200",
      5.275360665121285
    ],
    [
      "btc-updown-5m-1774277100",
      5.9407941982018775
    ],
    [
      "btc-updown-5m-1774277400",
      7.235070292477971
    ],
    [
      "btc-updown-5m-1774275900",
      6.806205847190013
    ],
    [
      "btc-updown-5m-1774276500",
      7.295874935164186
    ],
    [
      "btc-updown-5m-1774276800",
      7.092107279924509
    ],
    [
      "btc-updown-5m-1774283100",
      6.387107279924508
    ],
    [
      "btc-updown-5m-1774282200",
      6.443797096676244
    ],
    [
      "btc-updown-5m-1774282800",
      6.990501288397232
    ],
    [
      "btc-updown-5m-1774282500",
      6.337673097229658
    ]
  ]
}