{
  "files_processed": 5,
  "markets_processed": 14,
  "total_ticks": 0,
  "trades_taken": 96,
  "wins": 24,
  "losses": 24,
  "win_rate": 25.0,
  "avg_win": 0.22457318921955985,
  "avg_loss": -0.16054253121967027,
  "profit_factor": 1.3988392204448081,
  "starting_capital": 5.0,
  "ending_capital": 6.536735791997353,
  "total_pnl": 1.5367357919973532,
  "total_pnl_pct": 30.734715839947064,
  "max_drawdown": 0.1721854824549213,
  "bankroll_history": [
    [
      "btc-updown-5m-1774274100",
      5.284823284823285
    ],
    [
      "btc-updown-5m-1774274400",
      5.628873631046391
    ],
    [
      "btc-updown-5m-1774274700",
      5.406651408824168
    ],
    [
      "btc-updown-5m-1774275900",
      4.977786963536209
    ],
    [
      "btc-updown-5m-1774276200",
      5.164961483443364
    ],
    [
      "btc-updown-5m-1774275600",
      5.164961483443364
    ],
    [
      "btc-updown-5m-1774277100",
      4.659663309206883
    ],
    [
      "btc-updown-5m-1774277400",
      5.665361314904889
    ],
    [
      "btc-updown-5m-1774276800",
      6.1789504242294875
    ],
    [
      "btc-updown-5m-1774276500",
      6.6686195122036604
    ],
    [
      "btc-updown-5m-1774282200",
      7.004521716526917
    ],
    [
      "btc-updown-5m-1774282800",
      7.5778973164982615
    ],
    [
      "btc-updown-5m-1774283100",
      6.897897316498261
    ],
    [
      "btc-updown-5m-1774282500",
      6.536735791997353
    ]
  ]
}