{
  "files_processed": 5,
  "markets_processed": 14,
  "total_ticks": 0,
  "trades_taken": 92,
  "wins": 21,
  "losses": 25,
  "win_rate": 22.82608695652174,
  "avg_win": 0.22422121457713198,
  "avg_loss": -0.17423473480216614,
  "profit_factor": 1.2868915881309355,
  "starting_capital": 5.0,
  "ending_capital": 5.352777136065618,
  "total_pnl": 0.352777136065618,
  "total_pnl_pct": 7.055542721312361,
  "max_drawdown": 0.26158846053472856,
  "bankroll_history": [
    [
      "btc-updown-5m-1774274100",
      5.054054054054054
    ],
    [
      "btc-updown-5m-1774274400",
      5.662682713530172
    ],
    [
      "btc-updown-5m-1774274700",
      5.44046049130795
    ],
    [
      "btc-updown-5m-1774277400",
      6.734736585584043
    ],
    [
      "btc-updown-5m-1774276200",
      6.598533675207326
    ],
    [
      "btc-updown-5m-1774276500",
      7.088202763181499
    ],
    [
      "btc-updown-5m-1774276800",
      7.234435107941822
    ],
    [
      "btc-updown-5m-1774275900",
      6.805570662653864
    ],
    [
      "btc-updown-5m-1774277100",
      6.300272488417383
    ],
    [
      "btc-updown-5m-1774275600",
      6.300272488417383
    ],
    [
      "btc-updown-5m-1774282800",
      6.6998185563845025
    ],
    [
      "btc-updown-5m-1774283100",
      5.994818556384502
    ],
    [
      "btc-updown-5m-1774282500",
      5.341990365216928
    ],
    [
      "btc-updown-5m-1774282200",
      5.352777136065618
    ]
  ]
}