{
  "files_processed": 5,
  "markets_processed": 14,
  "total_ticks": 0,
  "trades_taken": 54,
  "wins": 9,
  "losses": 18,
  "win_rate": 16.666666666666664,
  "avg_win": 0.19487431497665414,
  "avg_loss": -0.1471131205307413,
  "profit_factor": 1.3246562527774841,
  "starting_capital": 5.0,
  "ending_capital": 4.105832665236544,
  "total_pnl": -0.8941673347634556,
  "total_pnl_pct": -17.88334669526911,
  "max_drawdown": 0.23955116165616383,
  "bankroll_history": [
    [
      "btc-updown-5m-1774274100",
      5.054054054054054
    ],
    [
      "btc-updown-5m-1774274400",
      4.625547169372471
    ],
    [
      "btc-updown-5m-1774274700",
      4.625547169372471
    ],
    [
      "btc-updown-5m-1774277100",
      4.411159704985007
    ],
    [
      "btc-updown-5m-1774275600",
      4.411159704985007
    ],
    [
      "btc-updown-5m-1774276500",
      4.183595602420905
    ],
    [
      "btc-updown-5m-1774275900",
      4.506341504060249
    ],
    [
      "btc-updown-5m-1774276200",
      4.578857360297034
    ],
    [
      "btc-updown-5m-1774276800",
      4.366091402850226
    ],
    [
      "btc-updown-5m-1774277400",
      4.608515645274468
    ],
    [
      "btc-updown-5m-1774282500",
      4.296068210455293
    ],
    [
      "btc-updown-5m-1774282800",
      3.8433495343323614
    ],
    [
      "btc-updown-5m-1774283100",
      3.868990559973387
    ],
    [
      "btc-updown-5m-1774282200",
      4.105832665236544
    ]
  ]
}