{
  "files_processed": 5,
  "markets_processed": 14,
  "total_ticks": 0,
  "trades_taken": 102,
  "wins": 23,
  "losses": 28,
  "win_rate": 22.54901960784314,
  "avg_win": 0.20167588459412242,
  "avg_loss": -0.1477401325003944,
  "profit_factor": 1.3650717728548405,
  "starting_capital": 5.0,
  "ending_capital": 5.501821635653775,
  "total_pnl": 0.5018216356537746,
  "total_pnl_pct": 10.036432713075492,
  "max_drawdown": 0.23359995933412966,
  "bankroll_history": [
    [
      "btc-updown-5m-1774274100",
      5.054054054054054
    ],
    [
      "btc-updown-5m-1774274400",
      5.767119131053558
    ],
    [
      "btc-updown-5m-1774274700",
      5.544896908831336
    ],
    [
      "btc-updown-5m-1774277100",
      4.812927827776888
    ],
    [
      "btc-updown-5m-1774277400",
      6.040537255386315
    ],
    [
      "btc-updown-5m-1774275900",
      5.702725234221337
    ],
    [
      "btc-updown-5m-1774275600",
      5.702725234221337
    ],
    [
      "btc-updown-5m-1774276500",
      6.115471245272433
    ],
    [
      "btc-updown-5m-1774276200",
      5.843675114556733
    ],
    [
      "btc-updown-5m-1774276800",
      5.058328511948635
    ],
    [
      "btc-updown-5m-1774282500",
      4.686897411067753
    ],
    [
      "btc-updown-5m-1774282800",
      5.327199679653949
    ],
    [
      "btc-updown-5m-1774282200",
      5.568726397558537
    ],
    [
      "btc-updown-5m-1774283100",
      5.501821635653775
    ]
  ]
}