{
  "files_processed": 5,
  "markets_processed": 14,
  "total_ticks": 0,
  "trades_taken": 44,
  "wins": 16,
  "losses": 28,
  "win_rate": 36.36363636363637,
  "avg_win": 0.4392338613875569,
  "avg_loss": -0.2506000778632898,
  "profit_factor": 1.7527283516135725,
  "starting_capital": 5.0,
  "ending_capital": 5.010939602028795,
  "total_pnl": 0.010939602028795292,
  "total_pnl_pct": 0.21879204057590587,
  "max_drawdown": 0.16979437537571346,
  "bankroll_history": [
    [
      "btc-updown-5m-1774274400",
      4.392572463768116
    ],
    [
      "btc-updown-5m-1774274100",
      4.7120169082125605
    ],
    [
      "btc-updown-5m-1774274700",
      4.7372694334650856
    ],
    [
      "btc-updown-5m-1774276800",
      4.521088469447151
    ],
    [
      "btc-updown-5m-1774277400",
      5.447856146214828
    ],
    [
      "btc-updown-5m-1774275900",
      5.923613721972403
    ],
    [
      "btc-updown-5m-1774276200",
      5.519155232891151
    ],
    [
      "btc-updown-5m-1774275600",
      5.570437284173202
    ],
    [
      "btc-updown-5m-1774277100",
      5.12355239045995
    ],
    [
      "btc-updown-5m-1774276500",
      5.115694656795765
    ],
    [
      "btc-updown-5m-1774282200",
      5.004091195304227
    ],
    [
      "btc-updown-5m-1774282800",
      4.917817430083094
    ],
    [
      "btc-updown-5m-1774282500",
      5.108586660852325
    ],
    [
      "btc-updown-5m-1774283100",
      5.010939602028795
    ]
  ]
}