{
  "files_processed": 5,
  "markets_processed": 14,
  "total_ticks": 0,
  "trades_taken": 58,
  "wins": 24,
  "losses": 34,
  "win_rate": 41.37931034482759,
  "avg_win": 0.373015862409557,
  "avg_loss": -0.2247851005146958,
  "profit_factor": 1.659433216683195,
  "starting_capital": 5.0,
  "ending_capital": 6.309687280329709,
  "total_pnl": 1.309687280329709,
  "total_pnl_pct": 26.19374560659418,
  "max_drawdown": 0.1480338783994553,
  "bankroll_history": [
    [
      "btc-updown-5m-1774274100",
      5.124322493224932
    ],
    [
      "btc-updown-5m-1774274400",
      4.516894956993048
    ],
    [
      "btc-updown-5m-1774274700",
      4.542147482245573
    ],
    [
      "btc-updown-5m-1774276500",
      4.6313773771020665
    ],
    [
      "btc-updown-5m-1774276200",
      4.807028871580622
    ],
    [
      "btc-updown-5m-1774275600",
      5.730105794657545
    ],
    [
      "btc-updown-5m-1774276800",
      5.337478813285336
    ],
    [
      "btc-updown-5m-1774277100",
      5.18329141693376
    ],
    [
      "btc-updown-5m-1774275900",
      4.881856010235196
    ],
    [
      "btc-updown-5m-1774277400",
      5.731297004024016
    ],
    [
      "btc-updown-5m-1774282200",
      6.061997948571623
    ],
    [
      "btc-updown-5m-1774282800",
      6.067139821027687
    ],
    [
      "btc-updown-5m-1774283100",
      6.118918049560478
    ],
    [
      "btc-updown-5m-1774282500",
      6.309687280329709
    ]
  ]
}