{
  "files_processed": 5,
  "markets_processed": 14,
  "total_ticks": 0,
  "trades_taken": 59,
  "wins": 21,
  "losses": 38,
  "win_rate": 35.59322033898305,
  "avg_win": 0.4167216212120837,
  "avg_loss": -0.24237558194462222,
  "profit_factor": 1.7193217974709019,
  "starting_capital": 5.0,
  "ending_capital": 4.540881931558112,
  "total_pnl": -0.45911806844188785,
  "total_pnl_pct": -9.182361368837757,
  "max_drawdown": 0.35615177729644615,
  "bankroll_history": [
    [
      "btc-updown-5m-1774274100",
      5.832413974257946
    ],
    [
      "btc-updown-5m-1774274400",
      5.572311509579694
    ],
    [
      "btc-updown-5m-1774274700",
      5.597564034832219
    ],
    [
      "btc-updown-5m-1774276200",
      5.014460310389315
    ],
    [
      "btc-updown-5m-1774276500",
      5.103690205245808
    ],
    [
      "btc-updown-5m-1774276800",
      4.503509671809168
    ],
    [
      "btc-updown-5m-1774277100",
      4.056624778095914
    ],
    [
      "btc-updown-5m-1774275900",
      3.75518937139735
    ],
    [
      "btc-updown-5m-1774275600",
      4.678266294474273
    ],
    [
      "btc-updown-5m-1774277400",
      5.483980580188558
    ],
    [
      "btc-updown-5m-1774282800",
      4.849986468884954
    ],
    [
      "btc-updown-5m-1774282500",
      5.040755699654185
    ],
    [
      "btc-updown-5m-1774282200",
      4.48910370302532
    ],
    [
      "btc-updown-5m-1774283100",
      4.540881931558112
    ]
  ]
}