{
  "files_processed": 5,
  "markets_processed": 14,
  "total_ticks": 0,
  "trades_taken": 55,
  "wins": 22,
  "losses": 33,
  "win_rate": 40.0,
  "avg_win": 0.17919092972756878,
  "avg_loss": -0.175826471271316,
  "profit_factor": 1.0191351076543025,
  "starting_capital": 5.0,
  "ending_capital": 3.139926902053086,
  "total_pnl": -1.860073097946914,
  "total_pnl_pct": -37.20146195893828,
  "max_drawdown": 0.42854960675756026,
  "bankroll_history": [
    [
      "btc-updown-5m-1774274700",
      5.025252525252526
    ],
    [
      "btc-updown-5m-1774274400",
      5.255874807835593
    ],
    [
      "btc-updown-5m-1774274100",
      5.40865258561337
    ],
    [
      "btc-updown-5m-1774275900",
      5.40865258561337
    ],
    [
      "btc-updown-5m-1774276200",
      5.494662247473442
    ],
    [
      "btc-updown-5m-1774275600",
      5.095394848206043
    ],
    [
      "btc-updown-5m-1774277100",
      4.778295281106475
    ],
    [
      "btc-updown-5m-1774277400",
      5.369204372015565
    ],
    [
      "btc-updown-5m-1774276800",
      5.2571983191874
    ],
    [
      "btc-updown-5m-1774276500",
      5.2571983191874
    ],
    [
      "btc-updown-5m-1774282800",
      3.9185823259034134
    ],
    [
      "btc-updown-5m-1774282500",
      3.738582325903413
    ],
    [
      "btc-updown-5m-1774282200",
      3.644317145955525
    ],
    [
      "btc-updown-5m-1774283100",
      3.139926902053086
    ]
  ]
}