{
  "files_processed": 5,
  "markets_processed": 14,
  "total_ticks": 0,
  "trades_taken": 43,
  "wins": 14,
  "losses": 29,
  "win_rate": 32.55813953488372,
  "avg_win": 0.4887570557147106,
  "avg_loss": -0.2632119489774826,
  "profit_factor": 1.8568953940480986,
  "starting_capital": 5.0,
  "ending_capital": 4.209452259658951,
  "total_pnl": -0.790547740341049,
  "total_pnl_pct": -15.810954806820982,
  "max_drawdown": 0.28991155047791345,
  "bankroll_history": [
    [
      "btc-updown-5m-1774274100",
      5.319444444444445
    ],
    [
      "btc-updown-5m-1774274400",
      4.247865826973519
    ],
    [
      "btc-updown-5m-1774274700",
      4.273118352226044
    ],
    [
      "btc-updown-5m-1774276200",
      3.777276057874433
    ],
    [
      "btc-updown-5m-1774275900",
      4.359094239692615
    ],
    [
      "btc-updown-5m-1774275600",
      5.282171162769538
    ],
    [
      "btc-updown-5m-1774276500",
      5.6792299862989495
    ],
    [
      "btc-updown-5m-1774276800",
      5.45422998629895
    ],
    [
      "btc-updown-5m-1774277100",
      4.989944272013235
    ],
    [
      "btc-updown-5m-1774277400",
      5.916711948780912
    ],
    [
      "btc-updown-5m-1774283100",
      5.583053412195547
    ],
    [
      "btc-updown-5m-1774282500",
      4.843053412195546
    ],
    [
      "btc-updown-5m-1774282800",
      4.26768954709466
    ],
    [
      "btc-updown-5m-1774282200",
      4.209452259658951
    ]
  ]
}