{
  "files_processed": 5,
  "markets_processed": 14,
  "total_ticks": 0,
  "trades_taken": 57,
  "wins": 22,
  "losses": 35,
  "win_rate": 38.59649122807017,
  "avg_win": 0.4329333734969666,
  "avg_loss": -0.23233911705674498,
  "profit_factor": 1.8633684201839753,
  "starting_capital": 5.0,
  "ending_capital": 6.392665119947191,
  "total_pnl": 1.3926651199471909,
  "total_pnl_pct": 27.853302398943818,
  "max_drawdown": 0.167528559001755,
  "bankroll_history": [
    [
      "btc-updown-5m-1774274700",
      5.025252525252526
    ],
    [
      "btc-updown-5m-1774274400",
      4.417824989020642
    ],
    [
      "btc-updown-5m-1774274100",
      4.542147482245574
    ],
    [
      "btc-updown-5m-1774276800",
      4.18337921107704
    ],
    [
      "btc-updown-5m-1774277400",
      4.989093496791326
    ],
    [
      "btc-updown-5m-1774276200",
      5.979308967595032
    ],
    [
      "btc-updown-5m-1774275600",
      6.902385890671955
    ],
    [
      "btc-updown-5m-1774275900",
      6.60095048397339
    ],
    [
      "btc-updown-5m-1774276500",
      6.690180378829884
    ],
    [
      "btc-updown-5m-1774277100",
      6.243295485116632
    ],
    [
      "btc-updown-5m-1774282200",
      6.573996429664238
    ],
    [
      "btc-updown-5m-1774283100",
      6.62577465819703
    ],
    [
      "btc-updown-5m-1774282800",
      6.20189588917796
    ],
    [
      "btc-updown-5m-1774282500",
      6.392665119947191
    ]
  ]
}