{
  "files_processed": 5,
  "markets_processed": 14,
  "total_ticks": 0,
  "trades_taken": 48,
  "wins": 17,
  "losses": 31,
  "win_rate": 35.41666666666667,
  "avg_win": 0.4550721547462211,
  "avg_loss": -0.24609692669049638,
  "profit_factor": 1.8491582193488432,
  "starting_capital": 5.0,
  "ending_capital": 5.107221903280369,
  "total_pnl": 0.10722190328036874,
  "total_pnl_pct": 2.1444380656073747,
  "max_drawdown": 0.1721700994966979,
  "bankroll_history": [
    [
      "btc-updown-5m-1774274700",
      5.025252525252526
    ],
    [
      "btc-updown-5m-1774274400",
      4.417824989020642
    ],
    [
      "btc-updown-5m-1774274100",
      4.737269433465086
    ],
    [
      "btc-updown-5m-1774275600",
      4.7885514847471375
    ],
    [
      "btc-updown-5m-1774276800",
      4.572370520729203
    ],
    [
      "btc-updown-5m-1774276200",
      4.167912031647951
    ],
    [
      "btc-updown-5m-1774276500",
      4.160054297983766
    ],
    [
      "btc-updown-5m-1774277400",
      5.086821974751443
    ],
    [
      "btc-updown-5m-1774275900",
      5.5443977323272
    ],
    [
      "btc-updown-5m-1774277100",
      5.097512838613947
    ],
    [
      "btc-updown-5m-1774283100",
      4.999865779790417
    ],
    [
      "btc-updown-5m-1774282500",
      5.190635010559648
    ],
    [
      "btc-updown-5m-1774282200",
      5.079031549068111
    ],
    [
      "btc-updown-5m-1774282800",
      5.107221903280369
    ]
  ]
}