{
  "files_processed": 5,
  "markets_processed": 14,
  "total_ticks": 0,
  "trades_taken": 98,
  "wins": 44,
  "losses": 54,
  "win_rate": 44.89795918367347,
  "avg_win": 0.2414166749568695,
  "avg_loss": -0.17153929782528807,
  "profit_factor": 1.4073549211024006,
  "starting_capital": 5.0,
  "ending_capital": 6.3592116155367115,
  "total_pnl": 1.3592116155367115,
  "total_pnl_pct": 27.18423231073423,
  "max_drawdown": 0.2710900626799987,
  "bankroll_history": [
    [
      "btc-updown-5m-1774274400",
      6.735893711096338
    ],
    [
      "btc-updown-5m-1774274700",
      7.047082522285149
    ],
    [
      "btc-updown-5m-1774274100",
      7.279405754608382
    ],
    [
      "btc-updown-5m-1774276500",
      7.429714463758465
    ],
    [
      "btc-updown-5m-1774275600",
      7.0304470644910655
    ],
    [
      "btc-updown-5m-1774276800",
      6.455632675192801
    ],
    [
      "btc-updown-5m-1774277400",
      7.3748245943847195
    ],
    [
      "btc-updown-5m-1774277100",
      6.707780707861825
    ],
    [
      "btc-updown-5m-1774275900",
      6.714190964272081
    ],
    [
      "btc-updown-5m-1774276200",
      7.859403598013454
    ],
    [
      "btc-updown-5m-1774282200",
      8.724276196477387
    ],
    [
      "btc-updown-5m-1774282800",
      7.79200049370277
    ],
    [
      "btc-updown-5m-1774282500",
      6.99248072805977
    ],
    [
      "btc-updown-5m-1774283100",
      6.3592116155367115
    ]
  ]
}