{
  "files_processed": 5,
  "markets_processed": 14,
  "total_ticks": 0,
  "trades_taken": 100,
  "wins": 46,
  "losses": 54,
  "win_rate": 46.0,
  "avg_win": 0.23520033271451277,
  "avg_loss": -0.17153929782528796,
  "profit_factor": 1.371116331338043,
  "starting_capital": 5.0,
  "ending_capital": 6.556093222302035,
  "total_pnl": 1.5560932223020352,
  "total_pnl_pct": 31.121864446040703,
  "max_drawdown": 0.2514479990072721,
  "bankroll_history": [
    [
      "btc-updown-5m-1774274700",
      5.311188811188811
    ],
    [
      "btc-updown-5m-1774274400",
      7.047082522285148
    ],
    [
      "btc-updown-5m-1774274100",
      7.27940575460838
    ],
    [
      "btc-updown-5m-1774276800",
      6.704591365310115
    ],
    [
      "btc-updown-5m-1774276500",
      6.854900074460199
    ],
    [
      "btc-updown-5m-1774277100",
      6.187856187937304
    ],
    [
      "btc-updown-5m-1774277400",
      7.1070481071292235
    ],
    [
      "btc-updown-5m-1774276200",
      8.286351649961507
    ],
    [
      "btc-updown-5m-1774275900",
      8.292761906371764
    ],
    [
      "btc-updown-5m-1774275600",
      7.893494507104364
    ],
    [
      "btc-updown-5m-1774282200",
      8.758367105568297
    ],
    [
      "btc-updown-5m-1774282500",
      7.9588473399252955
    ],
    [
      "btc-updown-5m-1774283100",
      7.488368925076655
    ],
    [
      "btc-updown-5m-1774282800",
      6.556093222302035
    ]
  ]
}