{
  "files_processed": 5,
  "markets_processed": 14,
  "total_ticks": 0,
  "trades_taken": 97,
  "wins": 34,
  "losses": 63,
  "win_rate": 35.051546391752574,
  "avg_win": 0.2621772379243982,
  "avg_loss": -0.1707900954286176,
  "profit_factor": 1.5350845566684295,
  "starting_capital": 5.0,
  "ending_capital": 3.154250077426632,
  "total_pnl": -1.845749922573368,
  "total_pnl_pct": -36.91499845146736,
  "max_drawdown": 0.5013191660467915,
  "bankroll_history": [
    [
      "btc-updown-5m-1774274100",
      5.232323232323232
    ],
    [
      "btc-updown-5m-1774274400",
      5.82551820396805
    ],
    [
      "btc-updown-5m-1774274700",
      6.136707015156861
    ],
    [
      "btc-updown-5m-1774277100",
      5.360868958459199
    ],
    [
      "btc-updown-5m-1774277400",
      6.280060877651119
    ],
    [
      "btc-updown-5m-1774276500",
      6.325188101619716
    ],
    [
      "btc-updown-5m-1774275600",
      5.925920702352316
    ],
    [
      "btc-updown-5m-1774276800",
      5.137443427527525
    ],
    [
      "btc-updown-5m-1774275900",
      5.143853683937781
    ],
    [
      "btc-updown-5m-1774276200",
      5.772599943198969
    ],
    [
      "btc-updown-5m-1774283100",
      5.139330830675911
    ],
    [
      "btc-updown-5m-1774282800",
      3.956412332323973
    ],
    [
      "btc-updown-5m-1774282200",
      4.226852284301284
    ],
    [
      "btc-updown-5m-1774282500",
      3.154250077426632
    ]
  ]
}