{
  "files_processed": 5,
  "markets_processed": 14,
  "total_ticks": 0,
  "trades_taken": 105,
  "wins": 51,
  "losses": 54,
  "win_rate": 48.57142857142857,
  "avg_win": 0.22597775045673188,
  "avg_loss": -0.2042327055023253,
  "profit_factor": 1.106471903708679,
  "starting_capital": 5.0,
  "ending_capital": 5.496299176167764,
  "total_pnl": 0.4962991761677644,
  "total_pnl_pct": 9.925983523355288,
  "max_drawdown": 0.4735560263570801,
  "bankroll_history": [
    [
      "btc-updown-5m-1774274100",
      5.403284891656986
    ],
    [
      "btc-updown-5m-1774274400",
      6.322391414699595
    ],
    [
      "btc-updown-5m-1774274700",
      6.347643939952121
    ],
    [
      "btc-updown-5m-1774275600",
      6.371453463761645
    ],
    [
      "btc-updown-5m-1774275900",
      6.197248723564092
    ],
    [
      "btc-updown-5m-1774276800",
      4.541959390102363
    ],
    [
      "btc-updown-5m-1774277100",
      3.354213279343626
    ],
    [
      "btc-updown-5m-1774277400",
      4.331545714350479
    ],
    [
      "btc-updown-5m-1774276500",
      5.208394699558598
    ],
    [
      "btc-updown-5m-1774276200",
      5.548416152063098
    ],
    [
      "btc-updown-5m-1774283100",
      4.706504387357215
    ],
    [
      "btc-updown-5m-1774282200",
      5.112545384343544
    ],
    [
      "btc-updown-5m-1774282500",
      5.263024768347519
    ],
    [
      "btc-updown-5m-1774282800",
      5.496299176167764
    ]
  ]
}