{
  "files_processed": 5,
  "markets_processed": 14,
  "total_ticks": 0,
  "trades_taken": 106,
  "wins": 47,
  "losses": 59,
  "win_rate": 44.339622641509436,
  "avg_win": 0.23209766385558378,
  "avg_loss": -0.17069117467533515,
  "profit_factor": 1.3597519865748622,
  "starting_capital": 5.0,
  "ending_capital": 5.837810895367658,
  "total_pnl": 0.8378108953676584,
  "total_pnl_pct": 16.756217907353168,
  "max_drawdown": 0.29521857989624706,
  "bankroll_history": [
    [
      "btc-updown-5m-1774274100",
      5.232323232323232
    ],
    [
      "btc-updown-5m-1774274400",
      6.849279846034198
    ],
    [
      "btc-updown-5m-1774274700",
      7.160468657223009
    ],
    [
      "btc-updown-5m-1774276500",
      7.310777366373092
    ],
    [
      "btc-updown-5m-1774277400",
      8.22996928556501
    ],
    [
      "btc-updown-5m-1774275600",
      7.818629451689965
    ],
    [
      "btc-updown-5m-1774277100",
      7.167038422811709
    ],
    [
      "btc-updown-5m-1774275900",
      7.220371756145042
    ],
    [
      "btc-updown-5m-1774276200",
      8.283150958361327
    ],
    [
      "btc-updown-5m-1774276800",
      7.757825752497833
    ],
    [
      "btc-updown-5m-1774282800",
      6.954004511711192
    ],
    [
      "btc-updown-5m-1774282200",
      7.122630612459418
    ],
    [
      "btc-updown-5m-1774282500",
      6.308289310216297
    ],
    [
      "btc-updown-5m-1774283100",
      5.837810895367658
    ]
  ]
}