{
  "files_processed": 5,
  "markets_processed": 14,
  "total_ticks": 0,
  "trades_taken": 100,
  "wins": 46,
  "losses": 54,
  "win_rate": 46.0,
  "avg_win": 0.2352003327145128,
  "avg_loss": -0.17153929782528804,
  "profit_factor": 1.3711163313380426,
  "starting_capital": 5.0,
  "ending_capital": 6.556093222302034,
  "total_pnl": 1.5560932223020343,
  "total_pnl_pct": 31.121864446040686,
  "max_drawdown": 0.22524939864067617,
  "bankroll_history": [
    [
      "btc-updown-5m-1774274100",
      5.232323232323232
    ],
    [
      "btc-updown-5m-1774274400",
      6.96821694341957
    ],
    [
      "btc-updown-5m-1774274700",
      7.279405754608381
    ],
    [
      "btc-updown-5m-1774275900",
      7.285816011018637
    ],
    [
      "btc-updown-5m-1774276800",
      6.7110016217203725
    ],
    [
      "btc-updown-5m-1774277100",
      6.043957735197478
    ],
    [
      "btc-updown-5m-1774275600",
      5.644690335930079
    ],
    [
      "btc-updown-5m-1774276200",
      6.823993878762361
    ],
    [
      "btc-updown-5m-1774277400",
      7.743185797954281
    ],
    [
      "btc-updown-5m-1774276500",
      7.893494507104364
    ],
    [
      "btc-updown-5m-1774283100",
      7.423016092255724
    ],
    [
      "btc-updown-5m-1774282800",
      6.490740389481104
    ],
    [
      "btc-updown-5m-1774282200",
      7.355612987945035
    ],
    [
      "btc-updown-5m-1774282500",
      6.556093222302034
    ]
  ]
}