{
  "files_processed": 5,
  "markets_processed": 14,
  "total_ticks": 0,
  "trades_taken": 57,
  "wins": 22,
  "losses": 35,
  "win_rate": 38.59649122807017,
  "avg_win": 0.4329333734969666,
  "avg_loss": -0.23233911705674498,
  "profit_factor": 1.8633684201839753,
  "starting_capital": 5.0,
  "ending_capital": 6.392665119947191,
  "total_pnl": 1.3926651199471909,
  "total_pnl_pct": 27.853302398943818,
  "max_drawdown": 0.14817722687876603,
  "bankroll_history": [
    [
      "btc-updown-5m-1774274400",
      4.392572463768116
    ],
    [
      "btc-updown-5m-1774274100",
      4.516894956993048
    ],
    [
      "btc-updown-5m-1774274700",
      4.542147482245573
    ],
    [
      "btc-updown-5m-1774276500",
      4.6313773771020665
    ],
    [
      "btc-updown-5m-1774277400",
      5.437091662816353
    ],
    [
      "btc-updown-5m-1774276800",
      5.078323391647818
    ],
    [
      "btc-updown-5m-1774277100",
      4.631438497934567
    ],
    [
      "btc-updown-5m-1774275600",
      5.554515421011489
    ],
    [
      "btc-updown-5m-1774275900",
      5.253080014312925
    ],
    [
      "btc-updown-5m-1774276200",
      6.243295485116631
    ],
    [
      "btc-updown-5m-1774282500",
      6.434064715885862
    ],
    [
      "btc-updown-5m-1774283100",
      6.485842944418654
    ],
    [
      "btc-updown-5m-1774282800",
      6.061964175399584
    ],
    [
      "btc-updown-5m-1774282200",
      6.392665119947191
    ]
  ]
}