{
  "files_processed": 5,
  "markets_processed": 14,
  "total_ticks": 0,
  "trades_taken": 153,
  "wins": 68,
  "losses": 85,
  "win_rate": 44.44444444444444,
  "avg_win": 0.19692820930132202,
  "avg_loss": -0.1584510900206868,
  "profit_factor": 1.2428327837669768,
  "starting_capital": 5.0,
  "ending_capital": 4.922775580731521,
  "total_pnl": -0.07722441926847878,
  "total_pnl_pct": -1.5444883853695757,
  "max_drawdown": 0.45729766047937853,
  "bankroll_history": [
    [
      "btc-updown-5m-1774274400",
      6.426279384196253
    ],
    [
      "btc-updown-5m-1774274700",
      6.655416913333782
    ],
    [
      "btc-updown-5m-1774274100",
      7.317765318001039
    ],
    [
      "btc-updown-5m-1774275900",
      7.388339515349092
    ],
    [
      "btc-updown-5m-1774276200",
      7.745121181764359
    ],
    [
      "btc-updown-5m-1774275600",
      7.895175352945292
    ],
    [
      "btc-updown-5m-1774276500",
      8.761303324311454
    ],
    [
      "btc-updown-5m-1774277100",
      7.911665569795314
    ],
    [
      "btc-updown-5m-1774277400",
      9.070857488987233
    ],
    [
      "btc-updown-5m-1774276800",
      7.548911569749394
    ],
    [
      "btc-updown-5m-1774282800",
      5.929223909721922
    ],
    [
      "btc-updown-5m-1774282500",
      5.0924932464374555
    ],
    [
      "btc-updown-5m-1774283100",
      5.186910301972091
    ],
    [
      "btc-updown-5m-1774282200",
      4.922775580731521
    ]
  ]
}