{
  "files_processed": 5,
  "markets_processed": 14,
  "total_ticks": 0,
  "trades_taken": 120,
  "wins": 51,
  "losses": 69,
  "win_rate": 42.5,
  "avg_win": 0.22335996388683038,
  "avg_loss": -0.17494288344404302,
  "profit_factor": 1.2767593599100244,
  "starting_capital": 5.0,
  "ending_capital": 4.32029920058938,
  "total_pnl": -0.6797007994106199,
  "total_pnl_pct": -13.5940159882124,
  "max_drawdown": 0.395026936483039,
  "bankroll_history": [
    [
      "btc-updown-5m-1774274100",
      5.233425742405604
    ],
    [
      "btc-updown-5m-1774274400",
      6.830119556284076
    ],
    [
      "btc-updown-5m-1774274700",
      7.141308367472887
    ],
    [
      "btc-updown-5m-1774275600",
      6.7420409682054885
    ],
    [
      "btc-updown-5m-1774276800",
      5.803445316528441
    ],
    [
      "btc-updown-5m-1774277400",
      5.0994184635885444
    ],
    [
      "btc-updown-5m-1774277100",
      4.633631234080874
    ],
    [
      "btc-updown-5m-1774275900",
      5.136293293514221
    ],
    [
      "btc-updown-5m-1774276200",
      5.655874056083506
    ],
    [
      "btc-updown-5m-1774276500",
      6.577050526671741
    ],
    [
      "btc-updown-5m-1774282800",
      5.630989392893567
    ],
    [
      "btc-updown-5m-1774282500",
      5.30369184947279
    ],
    [
      "btc-updown-5m-1774282200",
      4.817204676748801
    ],
    [
      "btc-updown-5m-1774283100",
      4.32029920058938
    ]
  ]
}