{
  "files_processed": 5,
  "markets_processed": 14,
  "total_ticks": 0,
  "trades_taken": 61,
  "wins": 17,
  "losses": 44,
  "win_rate": 27.86885245901639,
  "avg_win": 0.4564985332540333,
  "avg_loss": -0.20633736810125888,
  "profit_factor": 2.212389047387719,
  "starting_capital": 5.0,
  "ending_capital": 3.681630868863174,
  "total_pnl": -1.318369131136826,
  "total_pnl_pct": -26.367382622736518,
  "max_drawdown": 0.35239585039056587,
  "bankroll_history": [
    [
      "btc-updown-5m-1774274400",
      3.867545937204291
    ],
    [
      "btc-updown-5m-1774274100",
      4.1869903816487355
    ],
    [
      "btc-updown-5m-1774274700",
      4.2122429069012615
    ],
    [
      "btc-updown-5m-1774276500",
      4.317619250987283
    ],
    [
      "btc-updown-5m-1774275600",
      3.918351851719884
    ],
    [
      "btc-updown-5m-1774277400",
      4.531895450977769
    ],
    [
      "btc-updown-5m-1774277100",
      3.9732213418486175
    ],
    [
      "btc-updown-5m-1774275900",
      4.34501621364349
    ],
    [
      "btc-updown-5m-1774276200",
      4.940368086914731
    ],
    [
      "btc-updown-5m-1774276800",
      4.102731026460462
    ],
    [
      "btc-updown-5m-1774282500",
      4.381747419903085
    ],
    [
      "btc-updown-5m-1774283100",
      4.284100361079554
    ],
    [
      "btc-updown-5m-1774282800",
      3.2380207480471705
    ],
    [
      "btc-updown-5m-1774282200",
      3.681630868863174
    ]
  ]
}