{
  "files_processed": 5,
  "markets_processed": 14,
  "total_ticks": 0,
  "trades_taken": 122,
  "wins": 53,
  "losses": 69,
  "win_rate": 43.44262295081967,
  "avg_win": 0.23727677418651888,
  "avg_loss": -0.1742156757551841,
  "profit_factor": 1.3619714365999485,
  "starting_capital": 5.0,
  "ending_capital": 5.554787404777796,
  "total_pnl": 0.5547874047777963,
  "total_pnl_pct": 11.095748095555926,
  "max_drawdown": 0.33485411137294513,
  "bankroll_history": [
    [
      "btc-updown-5m-1774274100",
      5.573163861535955
    ],
    [
      "btc-updown-5m-1774274400",
      7.541896460076671
    ],
    [
      "btc-updown-5m-1774274700",
      7.853085271265482
    ],
    [
      "btc-updown-5m-1774277100",
      6.732988307012834
    ],
    [
      "btc-updown-5m-1774275600",
      6.883042478193766
    ],
    [
      "btc-updown-5m-1774276200",
      7.520957941337293
    ],
    [
      "btc-updown-5m-1774276800",
      5.939505146803101
    ],
    [
      "btc-updown-5m-1774275900",
      6.25536777646337
    ],
    [
      "btc-updown-5m-1774276500",
      7.1920397425471005
    ],
    [
      "btc-updown-5m-1774277400",
      8.35123166173902
    ],
    [
      "btc-updown-5m-1774283100",
      7.07296254921596
    ],
    [
      "btc-updown-5m-1774282800",
      6.460478581259032
    ],
    [
      "btc-updown-5m-1774282500",
      5.818922126018366
    ],
    [
      "btc-updown-5m-1774282200",
      5.554787404777796
    ]
  ]
}