{
  "files_processed": 5,
  "markets_processed": 14,
  "total_ticks": 0,
  "trades_taken": 56,
  "wins": 21,
  "losses": 35,
  "win_rate": 37.5,
  "avg_win": 0.4464337585512831,
  "avg_loss": -0.23233911705674498,
  "profit_factor": 1.9214748003120328,
  "starting_capital": 5.0,
  "ending_capital": 6.243239832590868,
  "total_pnl": 1.2432398325908682,
  "total_pnl_pct": 24.864796651817365,
  "max_drawdown": 0.17243458405402456,
  "bankroll_history": [
    [
      "btc-updown-5m-1774274100",
      5.124322493224932
    ],
    [
      "btc-updown-5m-1774274400",
      4.516894956993048
    ],
    [
      "btc-updown-5m-1774274700",
      4.542147482245573
    ],
    [
      "btc-updown-5m-1774275900",
      4.240712075547009
    ],
    [
      "btc-updown-5m-1774276200",
      5.230927546350715
    ],
    [
      "btc-updown-5m-1774275600",
      6.154004469427639
    ],
    [
      "btc-updown-5m-1774277100",
      5.707119575714386
    ],
    [
      "btc-updown-5m-1774276800",
      5.348351304545852
    ],
    [
      "btc-updown-5m-1774276500",
      5.437581199402345
    ],
    [
      "btc-updown-5m-1774277400",
      6.24329548511663
    ],
    [
      "btc-updown-5m-1774282200",
      6.573996429664236
    ],
    [
      "btc-updown-5m-1774282800",
      6.150117660645167
    ],
    [
      "btc-updown-5m-1774283100",
      6.052470601821637
    ],
    [
      "btc-updown-5m-1774282500",
      6.243239832590868
    ]
  ]
}