{
  "files_processed": 5,
  "markets_processed": 14,
  "total_ticks": 0,
  "trades_taken": 94,
  "wins": 42,
  "losses": 52,
  "win_rate": 44.680851063829785,
  "avg_win": 0.23283630484517226,
  "avg_loss": -0.173867194433415,
  "profit_factor": 1.3391617987736055,
  "starting_capital": 5.0,
  "ending_capital": 5.738030692959656,
  "total_pnl": 0.7380306929596561,
  "total_pnl_pct": 14.760613859193123,
  "max_drawdown": 0.26311860048205893,
  "bankroll_history": [
    [
      "btc-updown-5m-1774274400",
      5.537841130765278
    ],
    [
      "btc-updown-5m-1774274700",
      5.849029941954089
    ],
    [
      "btc-updown-5m-1774274100",
      6.001807719731866
    ],
    [
      "btc-updown-5m-1774276800",
      5.426993330433602
    ],
    [
      "btc-updown-5m-1774277100",
      4.759949443910707
    ],
    [
      "btc-updown-5m-1774277400",
      5.679141363102627
    ],
    [
      "btc-updown-5m-1774275900",
      5.685551619512882
    ],
    [
      "btc-updown-5m-1774276500",
      5.835860328662966
    ],
    [
      "btc-updown-5m-1774275600",
      5.436592929395566
    ],
    [
      "btc-updown-5m-1774276200",
      6.581805563136939
    ],
    [
      "btc-updown-5m-1774282500",
      5.782285797493938
    ],
    [
      "btc-updown-5m-1774282800",
      4.850010094719318
    ],
    [
      "btc-updown-5m-1774282200",
      6.371299805482714
    ],
    [
      "btc-updown-5m-1774283100",
      5.738030692959656
    ]
  ]
}