{
  "files_processed": 5,
  "markets_processed": 14,
  "total_ticks": 0,
  "trades_taken": 46,
  "wins": 13,
  "losses": 33,
  "win_rate": 28.26086956521739,
  "avg_win": 0.4806691865102186,
  "avg_loss": -0.3456755195026147,
  "profit_factor": 1.39052133978664,
  "starting_capital": 5.0,
  "ending_capital": -0.15859271895343952,
  "total_pnl": -5.1585927189534395,
  "total_pnl_pct": -103.17185437906879,
  "max_drawdown": 1.031718543790688,
  "bankroll_history": [
    [
      "btc-updown-5m-1774274700",
      4.613636363636363
    ],
    [
      "btc-updown-5m-1774274100",
      4.933080808080808
    ],
    [
      "btc-updown-5m-1774274400",
      3.751039282918721
    ],
    [
      "btc-updown-5m-1774275900",
      3.9010392829187213
    ],
    [
      "btc-updown-5m-1774276500",
      2.93499514030412
    ],
    [
      "btc-updown-5m-1774275600",
      3.858072063381043
    ],
    [
      "btc-updown-5m-1774276800",
      3.078823351870537
    ],
    [
      "btc-updown-5m-1774277400",
      4.3515506245978095
    ],
    [
      "btc-updown-5m-1774276200",
      3.8512605768607866
    ],
    [
      "btc-updown-5m-1774277100",
      3.615311749568676
    ],
    [
      "btc-updown-5m-1774283100",
      2.9976646907451467
    ],
    [
      "btc-updown-5m-1774282200",
      1.5171971435881328
    ],
    [
      "btc-updown-5m-1774282500",
      0.48886381025479975
    ],
    [
      "btc-updown-5m-1774282800",
      -0.15859271895343952
    ]
  ]
}