{
  "files_processed": 5,
  "markets_processed": 14,
  "total_ticks": 0,
  "trades_taken": 50,
  "wins": 18,
  "losses": 32,
  "win_rate": 36.0,
  "avg_win": 0.45846537971043166,
  "avg_loss": -0.24543655659790226,
  "profit_factor": 1.867958816182113,
  "starting_capital": 5.0,
  "ending_capital": 5.398407023654897,
  "total_pnl": 0.39840702365489733,
  "total_pnl_pct": 7.968140473097947,
  "max_drawdown": 0.19873346789005022,
  "bankroll_history": [
    [
      "btc-updown-5m-1774274700",
      5.025252525252526
    ],
    [
      "btc-updown-5m-1774274100",
      5.344696969696971
    ],
    [
      "btc-updown-5m-1774274400",
      4.737269433465086
    ],
    [
      "btc-updown-5m-1774277100",
      4.290384539751834
    ],
    [
      "btc-updown-5m-1774276500",
      4.282526806087649
    ],
    [
      "btc-updown-5m-1774275900",
      4.636269047781697
    ],
    [
      "btc-updown-5m-1774275600",
      5.559345970858621
    ],
    [
      "btc-updown-5m-1774276800",
      5.343165006840686
    ],
    [
      "btc-updown-5m-1774277400",
      6.269932683608363
    ],
    [
      "btc-updown-5m-1774276200",
      5.880858809911727
    ],
    [
      "btc-updown-5m-1774283100",
      5.7832117510881975
    ],
    [
      "btc-updown-5m-1774282800",
      5.265875080321376
    ],
    [
      "btc-updown-5m-1774282500",
      5.456644311090606
    ],
    [
      "btc-updown-5m-1774282200",
      5.398407023654897
    ]
  ]
}