{
  "files_processed": 5,
  "markets_processed": 14,
  "total_ticks": 4312,
  "trades_taken": 18,
  "wins": 8,
  "losses": 10,
  "win_rate": 44.44444444444444,
  "avg_win": 0.5001821434097039,
  "avg_loss": -0.20386317012134816,
  "profit_factor": 2.453518912278142,
  "starting_capital": 5.0,
  "ending_capital": 6.962825446064151,
  "total_pnl": 1.9628254460641514,
  "total_pnl_pct": 39.25650892128303,
  "max_drawdown": 0.17321977239478906,
  "bankroll_history": [
    [
      "btc-updown-5m-1774274400",
      4.622291021671827
    ],
    [
      "btc-updown-5m-1774274700",
      4.622291021671827
    ],
    [
      "btc-updown-5m-1774274100",
      6.400068799449604
    ],
    [
      "btc-updown-5m-1774277400",
      6.950472025256056
    ],
    [
      "btc-updown-5m-1774276800",
      7.150663596137282
    ],
    [
      "btc-updown-5m-1774276500",
      6.950663596137282
    ],
    [
      "btc-updown-5m-1774277100",
      7.489125134598821
    ],
    [
      "btc-updown-5m-1774275600",
      7.489125134598821
    ],
    [
      "btc-updown-5m-1774275900",
      7.950663596137282
    ],
    [
      "btc-updown-5m-1774276200",
      7.80850218611873
    ],
    [
      "btc-updown-5m-1774282800",
      6.962888151031011
    ],
    [
      "btc-updown-5m-1774283100",
      6.962888151031011
    ],
    [
      "btc-updown-5m-1774282200",
      6.825633249070227
    ],
    [
      "btc-updown-5m-1774282500",
      6.962825446064151
    ]
  ]
}