{
  "files_processed": 5,
  "markets_processed": 14,
  "total_ticks": 4312,
  "trades_taken": 17,
  "wins": 7,
  "losses": 10,
  "win_rate": 41.17647058823529,
  "avg_win": 0.5627423729827378,
  "avg_loss": -0.20386317012134816,
  "profit_factor": 2.760392535089929,
  "starting_capital": 5.0,
  "ending_capital": 6.900564909665684,
  "total_pnl": 1.9005649096656843,
  "total_pnl_pct": 38.011298193313685,
  "max_drawdown": 0.10917252240447704,
  "bankroll_history": [
    [
      "btc-updown-5m-1774274700",
      5.0
    ],
    [
      "btc-updown-5m-1774274100",
      6.777777777777778
    ],
    [
      "btc-updown-5m-1774274400",
      6.400068799449604
    ],
    [
      "btc-updown-5m-1774276200",
      6.257907389431052
    ],
    [
      "btc-updown-5m-1774276800",
      6.395838423913811
    ],
    [
      "btc-updown-5m-1774277100",
      6.934299962375349
    ],
    [
      "btc-updown-5m-1774276500",
      6.734299962375349
    ],
    [
      "btc-updown-5m-1774277400",
      7.284703188181801
    ],
    [
      "btc-updown-5m-1774275600",
      7.284703188181801
    ],
    [
      "btc-updown-5m-1774275900",
      7.746241649720263
    ],
    [
      "btc-updown-5m-1774283100",
      7.746241649720263
    ],
    [
      "btc-updown-5m-1774282200",
      7.608986747759479
    ],
    [
      "btc-updown-5m-1774282500",
      7.746178944753403
    ],
    [
      "btc-updown-5m-1774282800",
      6.900564909665684
    ]
  ]
}