{
  "files_processed": 5,
  "markets_processed": 14,
  "total_ticks": 4312,
  "trades_taken": 15,
  "wins": 4,
  "losses": 11,
  "win_rate": 26.666666666666668,
  "avg_win": 0.46164672765657994,
  "avg_loss": -0.42436528417004654,
  "profit_factor": 1.087852246348206,
  "starting_capital": 5.0,
  "ending_capital": 2.178568784755807,
  "total_pnl": -2.821431215244193,
  "total_pnl_pct": -56.42862430488387,
  "max_drawdown": 0.5642862430488387,
  "bankroll_history": [
    [
      "btc-updown-5m-1774274100",
      4.0
    ],
    [
      "btc-updown-5m-1774274700",
      4.0
    ],
    [
      "btc-updown-5m-1774274400",
      3.6884942656307804
    ],
    [
      "btc-updown-5m-1774275600",
      3.6884942656307804
    ],
    [
      "btc-updown-5m-1774275900",
      4.150032727169242
    ],
    [
      "btc-updown-5m-1774277100",
      4.68849426563078
    ],
    [
      "btc-updown-5m-1774277400",
      3.68849426563078
    ],
    [
      "btc-updown-5m-1774276800",
      4.412632196665263
    ],
    [
      "btc-updown-5m-1774276200",
      4.27047078664671
    ],
    [
      "btc-updown-5m-1774276500",
      3.27047078664671
    ],
    [
      "btc-updown-5m-1774282500",
      3.119527390420295
    ],
    [
      "btc-updown-5m-1774282200",
      2.9822724884595107
    ],
    [
      "btc-updown-5m-1774282800",
      2.178568784755807
    ],
    [
      "btc-updown-5m-1774283100",
      2.178568784755807
    ]
  ]
}