{
  "files_processed": 18,
  "markets_processed": 156,
  "total_ticks": 0,
  "trades_taken": 19,
  "wins": 5,
  "losses": 14,
  "win_rate": 26.31578947368421,
  "avg_win": 0.19102015631427394,
  "avg_loss": -0.29360459956562807,
  "profit_factor": 0.6506034190093677,
  "starting_capital": 5.0,
  "ending_capital": 1.8446363876525764,
  "total_pnl": -3.155363612347424,
  "total_pnl_pct": -63.107272246948476,
  "max_drawdown": 0.678408668257443,
  "bankroll_history": [
    [
      "btc-updown-5m-1772373600",
      4.2869822010368015
    ],
    [
      "btc-updown-5m-1772373900",
      4.2869822010368015
    ],
    [
      "btc-updown-5m-1772374200",
      4.26500417905878
    ],
    [
      "btc-updown-5m-1772374500",
      4.26500417905878
    ],
    [
      "btc-updown-5m-1772374800",
      4.26500417905878
    ],
    [
      "btc-updown-5m-1772375100",
      4.26500417905878
    ],
    [
      "btc-updown-5m-1772375400",
      4.26500417905878
    ],
    [
      "btc-updown-5m-1772375700",
      4.26500417905878
    ],
    [
      "btc-updown-5m-1772376000",
      4.26500417905878
    ],
    [
      "btc-updown-5m-1772376300",
      4.26500417905878
    ],
    [
      "btc-updown-5m-1772376600",
      4.26500417905878
    ],
    [
      "btc-updown-5m-1772376900",
      4.26500417905878
    ],
    [
      "btc-updown-5m-1772395200",
      4.26500417905878
    ],
    [
      "btc-updown-5m-1772395500",
      4.26500417905878
    ],
    [
      "btc-updown-5m-1772395800",
      4.26500417905878
    ],
    [
      "btc-updown-5m-1772396100",
      4.26500417905878
    ],
    [
      "btc-updown-5m-1772396400",
      4.26500417905878
    ],
    [
      "btc-updown-5m-1772396700",
      4.26500417905878
    ],
    [
      "btc-updown-5m-1772397000",
      4.26500417905878
    ],
    [
      "btc-updown-5m-1772397300",
      4.044702690458817
    ],
    [
      "btc-updown-5m-1772397600",
      4.044702690458817
    ],
    [
      "btc-updown-5m-1772397900",
      4.044702690458817
    ],
    [
      "btc-updown-5m-1772398200",
      4.044702690458817
    ],
    [
      "btc-updown-5m-1772398500",
      4.044702690458817
    ],
    [
      "btc-updown-5m-1772773200",
      4.044702690458817
    ],
    [
      "btc-updown-5m-1772773500",
      4.044702690458817
    ],
    [
      "btc-updown-5m-1772773800",
      4.044702690458817
    ],
    [
      "btc-updown-5m-1772774100",
      4.044702690458817
    ],
    [
      "btc-updown-5m-1772774400",
      4.044702690458817
    ],
    [
      "btc-updown-5m-1772774700",
      4.044702690458817
    ],
    [
      "btc-updown-5m-1772775000",
      4.044702690458817
    ],
    [
      "btc-updown-5m-1772775300",
      4.044702690458817
    ],
    [
      "btc-updown-5m-1772775600",
      4.044702690458817
    ],
    [
      "btc-updown-5m-1772775900",
      4.044702690458817
    ],
    [
      "btc-updown-5m-1772776200",
      4.044702690458817
    ],
    [
      "btc-updown-5m-1772776500",
      4.044702690458817
    ],
    [
      "btc-updown-5m-1772776800",
      4.044702690458817
    ],
    [
      "btc-updown-5m-1772777100",
      4.044702690458817
    ],
    [
      "btc-updown-5m-1772777400",
      4.044702690458817
    ],
    [
      "btc-updown-5m-1772777700",
      4.044702690458817
    ],
    [
      "btc-updown-5m-1772778000",
      4.044702690458817
    ],
    [
      "btc-updown-5m-1772778300",
      4.044702690458817
    ],
    [
      "btc-updown-5m-1772778600",
      4.044702690458817
    ],
    [
      "btc-updown-5m-1772778900",
      4.044702690458817
    ],
    [
      "btc-updown-5m-1772779200",
      4.044702690458817
    ],
    [
      "btc-updown-5m-1772779500",
      4.044702690458817
    ],
    [
      "btc-updown-5m-1772779800",
      4.044702690458817
    ],
    [
      "btc-updown-5m-1772780100",
      4.044702690458817
    ],
    [
      "btc-updown-5m-1772780400",
      4.044702690458817
    ],
    [
      "btc-updown-5m-1772780700",
      4.044702690458817
    ],
    [
      "btc-updown-5m-1772781000",
      4.044702690458817
    ],
    [
      "btc-updown-5m-1772781300",
      4.044702690458817
    ],
    [
      "btc-updown-5m-1772781600",
      4.044702690458817
    ],
    [
      "btc-updown-5m-1772781900",
      4.044702690458817
    ],
    [
      "btc-updown-5m-1772782200",
      4.044702690458817
    ],
    [
      "btc-updown-5m-1772782500",
      4.044702690458817
    ],
    [
      "btc-updown-5m-1772782800",
      4.044702690458817
    ],
    [
      "btc-updown-5m-1772783100",
      4.044702690458817
    ],
    [
      "btc-updown-5m-1772783400",
      4.044702690458817
    ],
    [
      "btc-updown-5m-1772783700",
      4.044702690458817
    ],
    [
      "btc-updown-5m-1772784000",
      4.044702690458817
    ],
    [
      "btc-updown-5m-1772784300",
      4.044702690458817
    ],
    [
      "btc-updown-5m-1772784600",
      4.044702690458817
    ],
    [
      "btc-updown-5m-1772784900",
      4.044702690458817
    ],
    [
      "btc-updown-5m-1772785200",
      4.044702690458817
    ],
    [
      "btc-updown-5m-1772785500",
      3.8018455476016744
    ],
    [
      "btc-updown-5m-1772785800",
      3.8018455476016744
    ],
    [
      "btc-updown-5m-1772786100",
      3.8018455476016744
    ],
    [
      "btc-updown-5m-1772786400",
      3.8018455476016744
    ],
    [
      "btc-updown-5m-1772786700",
      3.8018455476016744
    ],
    [
      "btc-updown-5m-1772787000",
      3.8018455476016744
    ],
    [
      "btc-updown-5m-1772787300",
      3.8018455476016744
    ],
    [
      "btc-updown-5m-1772787600",
      3.8018455476016744
    ],
    [
      "btc-updown-5m-1772787900",
      3.8018455476016744
    ],
    [
      "btc-updown-5m-1772788200",
      3.8018455476016744
    ],
    [
      "btc-updown-5m-1772788500",
      3.8018455476016744
    ],
    [
      "btc-updown-5m-1772788800",
      3.8018455476016744
    ],
    [
      "btc-updown-5m-1772789100",
      3.8018455476016744
    ],
    [
      "btc-updown-5m-1772789400",
      3.8018455476016744
    ],
    [
      "btc-updown-5m-1772789700",
      3.8018455476016744
    ],
    [
      "btc-updown-5m-1772790000",
      3.8018455476016744
    ],
    [
      "btc-updown-5m-1772790300",
      3.8018455476016744
    ],
    [
      "btc-updown-5m-1772790600",
      3.8018455476016744
    ],
    [
      "btc-updown-5m-1772790900",
      3.8018455476016744
    ],
    [
      "btc-updown-5m-1772791200",
      3.8018455476016744
    ],
    [
      "btc-updown-5m-1772791500",
      3.8018455476016744
    ],
    [
      "btc-updown-5m-1772791800",
      3.8018455476016744
    ],
    [
      "btc-updown-5m-1772792100",
      3.8018455476016744
    ],
    [
      "btc-updown-5m-1772792400",
      3.8018455476016744
    ],
    [
      "btc-updown-5m-1772792700",
      3.8018455476016744
    ],
    [
      "btc-updown-5m-1772793000",
      3.8018455476016744
    ],
    [
      "btc-updown-5m-1772793300",
      3.8018455476016744
    ],
    [
      "btc-updown-5m-1772793600",
      3.8018455476016744
    ],
    [
      "btc-updown-5m-1772793900",
      3.8018455476016744
    ],
    [
      "btc-updown-5m-1772794200",
      3.8018455476016744
    ],
    [
      "btc-updown-5m-1772794500",
      3.8018455476016744
    ],
    [
      "btc-updown-5m-1772794800",
      3.8018455476016744
    ],
    [
      "btc-updown-5m-1772795100",
      3.8018455476016744
    ],
    [
      "btc-updown-5m-1772795400",
      3.8018455476016744
    ],
    [
      "btc-updown-5m-1772795700",
      3.8018455476016744
    ],
    [
      "btc-updown-5m-1772796000",
      3.8018455476016744
    ],
    [
      "btc-updown-5m-1772796300",
      3.8018455476016744
    ],
    [
      "btc-updown-5m-1772796600",
      3.8018455476016744
    ],
    [
      "btc-updown-5m-1772796900",
      3.8018455476016744
    ],
    [
      "btc-updown-5m-1772797200",
      3.8018455476016744
    ],
    [
      "btc-updown-5m-1772797500",
