{
  "files_processed": 18,
  "markets_processed": 156,
  "total_ticks": 0,
  "trades_taken": 1272,
  "wins": 489,
  "losses": 783,
  "win_rate": 38.443396226415096,
  "avg_win": 0.23014650808800666,
  "avg_loss": -0.2636882286208611,
  "profit_factor": 0.8727978085776376,
  "starting_capital": 5.0,
  "ending_capital": -88.92624055509904,
  "total_pnl": -93.92624055509904,
  "total_pnl_pct": -1878.5248111019807,
  "max_drawdown": 17.930043599639493,
  "bankroll_history": [
    [
      "btc-updown-5m-1772373600",
      4.683154560850335
    ],
    [
      "btc-updown-5m-1772373900",
      5.054674768799353
    ],
    [
      "btc-updown-5m-1772374200",
      5.272450208100215
    ],
    [
      "btc-updown-5m-1772374500",
      5.058124830981334
    ],
    [
      "btc-updown-5m-1772374800",
      4.756372573097469
    ],
    [
      "btc-updown-5m-1772375100",
      4.704126519147536
    ],
    [
      "btc-updown-5m-1772375400",
      5.196507610518539
    ],
    [
      "btc-updown-5m-1772375700",
      3.656201082187506
    ],
    [
      "btc-updown-5m-1772376000",
      2.2449763591208662
    ],
    [
      "btc-updown-5m-1772376300",
      2.60735803208642
    ],
    [
      "btc-updown-5m-1772376600",
      1.6427115674399548
    ],
    [
      "btc-updown-5m-1772376900",
      -0.49295161587183056
    ],
    [
      "btc-updown-5m-1772395200",
      -2.2040904770106913
    ],
    [
      "btc-updown-5m-1772395500",
      -4.036524823747097
    ],
    [
      "btc-updown-5m-1772395800",
      -6.650758886355339
    ],
    [
      "btc-updown-5m-1772396100",
      -6.7882626043220355
    ],
    [
      "btc-updown-5m-1772396400",
      -9.012821523143518
    ],
    [
      "btc-updown-5m-1772396700",
      -10.6677162934794
    ],
    [
      "btc-updown-5m-1772397000",
      -11.274892904361444
    ],
    [
      "btc-updown-5m-1772397300",
      -12.468163069773047
    ],
    [
      "btc-updown-5m-1772397600",
      -12.526129583699136
    ],
    [
      "btc-updown-5m-1772397900",
      -13.455392536685473
    ],
    [
      "btc-updown-5m-1772398200",
      -12.883897552269142
    ],
    [
      "btc-updown-5m-1772398500",
      -12.62021930931302
    ],
    [
      "btc-updown-5m-1772773200",
      -12.890622003911092
    ],
    [
      "btc-updown-5m-1772773500",
      -13.268173024319255
    ],
    [
      "btc-updown-5m-1772773800",
      -13.152864826287944
    ],
    [
      "btc-updown-5m-1772774100",
      -14.257346938086073
    ],
    [
      "btc-updown-5m-1772774400",
      -15.966867895886775
    ],
    [
      "btc-updown-5m-1772774700",
      -16.495924509273035
    ],
    [
      "btc-updown-5m-1772775000",
      -16.44899831089636
    ],
    [
      "btc-updown-5m-1772775300",
      -16.31844958881966
    ],
    [
      "btc-updown-5m-1772775600",
      -16.993637558744474
    ],
    [
      "btc-updown-5m-1772775900",
      -18.129707059671205
    ],
    [
      "btc-updown-5m-1772776200",
      -18.491658320580008
    ],
    [
      "btc-updown-5m-1772776500",
      -18.060467906733372
    ],
    [
      "btc-updown-5m-1772776800",
      -19.328193350063724
    ],
    [
      "btc-updown-5m-1772777100",
      -19.80187756059004
    ],
    [
      "btc-updown-5m-1772777400",
      -20.04363580234828
    ],
    [
      "btc-updown-5m-1772777700",
      -20.93133277326545
    ],
    [
      "btc-updown-5m-1772778000",
      -22.944172381977154
    ],
    [
      "btc-updown-5m-1772778300",
      -24.35381185066786
    ],
    [
      "btc-updown-5m-1772778600",
      -24.298137609592168
    ],
    [
      "btc-updown-5m-1772778900",
      -25.524063535518096
    ],
    [
      "btc-updown-5m-1772779200",
      -24.900144075668894
    ],
    [
      "btc-updown-5m-1772779500",
      -24.235698987288714
    ],
    [
      "btc-updown-5m-1772779800",
      -23.802101625067024
    ],
    [
      "btc-updown-5m-1772780100",
      -23.895676135745994
    ],
    [
      "btc-updown-5m-1772780400",
      -23.60899136786427
    ],
    [
      "btc-updown-5m-1772780700",
      -23.293384219951594
    ],
    [
      "btc-updown-5m-1772781000",
      -22.982767290252887
    ],
    [
      "btc-updown-5m-1772781300",
      -22.464327890384677
    ],
    [
      "btc-updown-5m-1772781600",
      -23.078433525357998
    ],
    [
      "btc-updown-5m-1772781900",
      -24.185413078159762
    ],
    [
      "btc-updown-5m-1772782200",
      -27.30001611744311
    ],
    [
      "btc-updown-5m-1772782500",
      -27.258699811783686
    ],
    [
      "btc-updown-5m-1772782800",
      -26.98483617542005
    ],
    [
      "btc-updown-5m-1772783100",
      -28.664728648850616
    ],
    [
      "btc-updown-5m-1772783400",
      -28.773270128335493
    ],
    [
      "btc-updown-5m-1772783700",
      -28.326039176812532
    ],
    [
      "btc-updown-5m-1772784000",
      -30.869309138345148
    ],
    [
      "btc-updown-5m-1772784300",
      -31.055554117684892
    ],
    [
      "btc-updown-5m-1772784600",
      -31.869561634884974
    ],
    [
      "btc-updown-5m-1772784900",
      -32.364704511215514
    ],
    [
      "btc-updown-5m-1772785200",
      -33.59564024215125
    ],
    [
      "btc-updown-5m-1772785500",
      -33.812091923452286
    ],
    [
      "btc-updown-5m-1772785800",
      -34.04702239678536
    ],
    [
      "btc-updown-5m-1772786100",
      -35.812801314963785
    ],
    [
      "btc-updown-5m-1772786400",
      -36.93462302815413
    ],
    [
      "btc-updown-5m-1772786700",
      -36.93462302815413
    ],
    [
      "btc-updown-5m-1772787000",
      -36.57947910255971
    ],
    [
      "btc-updown-5m-1772787300",
      -38.992104744087285
    ],
    [
      "btc-updown-5m-1772787600",
      -39.1229204353449
    ],
    [
      "btc-updown-5m-1772787900",
      -40.56559449042559
    ],
    [
      "btc-updown-5m-1772788200",
      -42.75543522439563
    ],
    [
      "btc-updown-5m-1772788500",
      -43.16783040353463
    ],
    [
      "btc-updown-5m-1772788800",
      -43.810687546391776
    ],
    [
      "btc-updown-5m-1772789100",
      -45.4030289635449
    ],
    [
      "btc-updown-5m-1772789400",
      -45.30406587105893
    ],
    [
      "btc-updown-5m-1772789700",
      -45.06636231506026
    ],
    [
      "btc-updown-5m-1772790000",
      -45.45316468576349
    ],
    [
      "btc-updown-5m-1772790300",
      -46.042486927951224
    ],
    [
      "btc-updown-5m-1772790600",
      -46.94346148444049
    ],
    [
      "btc-updown-5m-1772790900",
      -46.47068029405089
    ],
    [
      "btc-updown-5m-1772791200",
      -46.6668194292022
    ],
    [
      "btc-updown-5m-1772791500",
      -47.34562742335928
    ],
    [
      "btc-updown-5m-1772791800",
      -47.168092016990926
    ],
    [
      "btc-updown-5m-1772792100",
      -47.67734837489849
    ],
    [
      "btc-updown-5m-1772792400",
      -47.546082934911496
    ],
    [
      "btc-updown-5m-1772792700",
      -48.312581950769356
    ],
    [
      "btc-updown-5m-1772793000",
      -48.2330364962239
    ],
    [
      "btc-updown-5m-1772793300",
      -50.03248704567445
    ],
    [
      "btc-updown-5m-1772793600",
      -50.727393406818116
    ],
    [
      "btc-updown-5m-1772793900",
      -52.49505333986779
    ],
    [
      "btc-updown-5m-1772794200",
      -51.330083419063946
    ],
    [
      "btc-updown-5m-1772794500",
      -51.802497212167395
    ],
    [
      "btc-updown-5m-1772794800",
      -51.830436715314256
    ],
    [
      "btc-updown-5m-1772795100",
      -53.7483036944633
    ],
    [
      "btc-updown-5m-1772795400",
      -53.21452774347275
    ],
    [
      "btc-updown-5m-1772795700",
      -54.47885162548779
    ],
    [
      "btc-updown-5m-1772796000",
      -54.47885162548779
    ],
    [
      "btc-updown-5m-1772796300",
      -55.16826076707085
    ],
    [
      "btc-updown-5m-1772796600",
      -57.010061586223365
    ],
    [
      "btc-updown-5m-1772796900",
      -56.84772630233139
