{
  "files_processed": 7,
  "markets_processed": 21,
  "total_ticks": 0,
  "trades_taken": 121,
  "wins": 62,
  "losses": 59,
  "win_rate": 51.2396694214876,
  "avg_win": 0.228363876541259,
  "avg_loss": -0.14629095287187402,
  "profit_factor": 1.5610252859673892,
  "starting_capital": 5.0,
  "ending_capital": 10.527394126117496,
  "total_pnl": 5.527394126117496,
  "total_pnl_pct": 110.54788252234992,
  "max_drawdown": 0.05416981034843451,
  "bankroll_history": [
    [
      "btc-updown-5m-1774134900",
      4.856889414547605
    ],
    [
      "btc-updown-5m-1774135200",
      5.6961116706142105
    ],
    [
      "btc-updown-5m-1774135500",
      6.234573209075749
    ],
    [
      "btc-updown-5m-1774137600",
      6.234573209075749
    ],
    [
      "btc-updown-5m-1774138200",
      6.136411876599366
    ],
    [
      "btc-updown-5m-1774138500",
      6.545050099767583
    ],
    [
      "btc-updown-5m-1774137900",
      7.257667304724048
    ],
    [
      "btc-updown-5m-1774142100",
      7.730094926704553
    ],
    [
      "btc-updown-5m-1774141800",
      7.738696388602483
    ],
    [
      "btc-updown-5m-1774141500",
      8.15433206655467
    ],
    [
      "btc-updown-5m-1774141200",
      7.863326775549379
    ],
    [
      "btc-updown-5m-1774260300",
      8.470248610128538
    ],
    [
      "btc-updown-5m-1774259100",
      8.916040563273432
    ],
    [
      "btc-updown-5m-1774259700",
      8.854912525249185
    ],
    [
      "btc-updown-5m-1774260000",
      10.358000350776996
    ],
    [
      "btc-updown-5m-1774259400",
      9.915164898427328
    ],
    [
      "btc-updown-5m-1774261200",
      10.560481819831205
    ],
    [
      "btc-updown-5m-1774262100",
      11.130321532658716
    ],
    [
      "btc-updown-5m-1774261800",
      10.603087095478077
    ],
    [
      "btc-updown-5m-1774260900",
      10.603087095478077
    ],
    [
      "btc-updown-5m-1774261500",
      10.527394126117496
    ]
  ]
}